vary_topo_size_dc_topo_tenant, v-noinit, overlay=none;total_devices=15;hosts_per_tors=2;tors_per_l1s=2;l1s=2, 98.000, 565.309, 55.99999999999978, 8, 31.609, 0.069271, 98.000, 565.308, 56.0, 8, 31.605, 0.046924, 
vary_topo_size_dc_topo_tenant, v-noinit, overlay=tor;total_devices=15;hosts_per_tors=2;tors_per_l1s=2;l1s=2, 98.000, 565.309, 55.99999999999978, 8, 31.609, 0.055048, 98.000, 565.309, 55.99999999999978, 8, 31.609, 0.056493, 
vary_topo_size_dc_topo_tenant, v-noinit, overlay=none;total_devices=29;hosts_per_tors=2;tors_per_l1s=2;l1s=4, 98.000, 1126.507, 111.99999999999956, 16, 38.742, 0.086712, 98.000, 1126.507, 112.0, 16, 38.742, 0.087880, 
vary_topo_size_dc_topo_tenant, v-noinit, overlay=tor;total_devices=29;hosts_per_tors=2;tors_per_l1s=2;l1s=4, 98.000, 1126.507, 111.99999999999956, 16, 38.742, 0.103896, 98.000, 1126.507, 111.99999999999956, 16, 38.742, 0.107191, 
vary_topo_size_dc_topo_tenant, v-noinit, overlay=none;total_devices=71;hosts_per_tors=2;tors_per_l1s=2;l1s=10, 98.000, 2815.841, 279.999999999999, 40, 94.316, 0.216453, 98.000, 2815.840, 280.0, 40, 94.307, 0.231312, 
vary_topo_size_dc_topo_tenant, v-noinit, overlay=tor;total_devices=71;hosts_per_tors=2;tors_per_l1s=2;l1s=10, 98.000, 2815.841, 279.999999999999, 40, 94.316, 0.238993, 98.000, 2815.841, 279.999999999999, 40, 94.316, 0.313754, 
vary_topo_size_dc_topo_tenant, v-noinit, overlay=none;total_devices=63;hosts_per_tors=2;tors_per_l1s=10;l1s=2, 98.000, 2815.841, 279.999999999999, 40, 94.316, 0.189673, 98.000, 2815.840, 280.0, 40, 94.307, 0.203196, 
vary_topo_size_dc_topo_tenant, v-noinit, overlay=tor;total_devices=63;hosts_per_tors=2;tors_per_l1s=10;l1s=2, 98.000, 2815.841, 279.999999999999, 40, 94.316, 0.195566, 98.000, 2815.841, 279.999999999999, 40, 94.316, 0.197442, 
vary_topo_size_dc_topo_tenant, v-noinit, overlay=none;total_devices=125;hosts_per_tors=2;tors_per_l1s=10;l1s=4, 98.000, 5632.025, 559.999999999999, 80, 190.671, 0.469046, 98.000, 5632.022, 560.0, 80, 190.652, 0.522602, 
vary_topo_size_dc_topo_tenant, v-noinit, overlay=tor;total_devices=125;hosts_per_tors=2;tors_per_l1s=10;l1s=4, 98.000, 5632.025, 559.999999999999, 80, 190.671, 0.471967, 98.000, 5632.025, 559.999999999999, 80, 190.671, 0.486818, 
vary_topo_size_dc_topo_tenant, v-noinit, overlay=none;total_devices=311;hosts_per_tors=2;tors_per_l1s=10;l1s=10, 98.000, 14088.283, 1399.9999999999989, 200, 525.621, 22.871629, 98.000, 14088.274, 1400.0, 200, 525.568, 1.247706, 
vary_topo_size_dc_topo_tenant, v-noinit, overlay=tor;total_devices=311;hosts_per_tors=2;tors_per_l1s=10;l1s=10, 98.000, 14088.283, 1399.9999999999989, 200, 525.621, 1.737068, 98.000, 14088.283, 1399.9999999999989, 200, 525.621, 1.775172, 
vary_topo_size_dc_topo_tenant, v-noinit, overlay=none;total_devices=123;hosts_per_tors=2;tors_per_l1s=20;l1s=2, 98.000, 5630.056, 559.999999999999, 80, 178.946, 0.446701, 98.000, 5630.053, 560.0, 80, 178.928, 0.504946, 
vary_topo_size_dc_topo_tenant, v-noinit, overlay=tor;total_devices=123;hosts_per_tors=2;tors_per_l1s=20;l1s=2, 98.000, 5630.056, 559.999999999999, 80, 178.946, 0.571903, 98.000, 5630.056, 559.999999999999, 80, 178.946, 0.467368, 
vary_topo_size_dc_topo_tenant, v-noinit, overlay=none;total_devices=245;hosts_per_tors=2;tors_per_l1s=20;l1s=4, 98.000, 11262.252, 1119.9999999999989, 160, 370.637, 0.838465, 98.000, 11262.246, 1120.0, 160, 370.600, 0.930533, 
vary_topo_size_dc_topo_tenant, v-noinit, overlay=tor;total_devices=245;hosts_per_tors=2;tors_per_l1s=20;l1s=4, 98.000, 11262.252, 1119.9999999999989, 160, 370.637, 0.918323, 98.000, 11262.252, 1119.9999999999989, 160, 370.637, 1.033720, 
vary_topo_size_dc_topo_tenant, v-noinit, overlay=none;total_devices=611;hosts_per_tors=2;tors_per_l1s=20;l1s=10, 98.000, 28179.478, 2799.9999999999986, 400, 1068.576, 2.234633, 98.000, 28179.460, 2800.0, 400, 1068.469, 2.488571, 
vary_topo_size_dc_topo_tenant, v-noinit, overlay=tor;total_devices=611;hosts_per_tors=2;tors_per_l1s=20;l1s=10, 98.000, 28179.478, 2799.9999999999986, 400, 1068.576, 3.529666, 98.000, 28179.478, 2799.9999999999986, 400, 1068.576, 3.738030, 
vary_topo_size_dc_topo_tenant, v-noinit, overlay=none;total_devices=39;hosts_per_tors=8;tors_per_l1s=2;l1s=2, 98.000, 2253.529, 223.99999999999912, 32, 80.551, 0.137771, 98.000, 2253.528, 224.0, 32, 80.543, 0.151974, 
vary_topo_size_dc_topo_tenant, v-noinit, overlay=tor;total_devices=39;hosts_per_tors=8;tors_per_l1s=2;l1s=2, 98.000, 2253.528, 223.99999999999912, 32, 80.543, 0.180805, 98.000, 2253.528, 223.99999999999912, 32, 80.543, 0.187240, 
vary_topo_size_dc_topo_tenant, v-noinit, overlay=none;total_devices=77;hosts_per_tors=8;tors_per_l1s=2;l1s=4, 98.000, 4504.319, 447.999999999999, 64, 144.788, 0.277122, 98.000, 4504.316, 448.0, 64, 144.773, 0.316707, 
vary_topo_size_dc_topo_tenant, v-noinit, overlay=tor;total_devices=77;hosts_per_tors=8;tors_per_l1s=2;l1s=4, 98.000, 4504.319, 447.999999999999, 64, 144.788, 0.281196, 98.000, 4504.319, 447.999999999999, 64, 144.788, 0.280185, 
vary_topo_size_dc_topo_tenant, v-noinit, overlay=none;total_devices=191;hosts_per_tors=8;tors_per_l1s=2;l1s=10, 98.000, 11262.937, 1119.9999999999989, 160, 374.715, 0.786284, 98.000, 11262.931, 1120.0, 160, 374.678, 0.874883, 
vary_topo_size_dc_topo_tenant, v-noinit, overlay=tor;total_devices=191;hosts_per_tors=8;tors_per_l1s=2;l1s=10, 98.000, 11262.937, 1119.9999999999989, 160, 374.715, 1.169907, 98.000, 11262.937, 1119.9999999999989, 160, 374.715, 1.422452, 
vary_topo_size_dc_topo_tenant, v-noinit, overlay=none;total_devices=183;hosts_per_tors=8;tors_per_l1s=10;l1s=2, 98.000, 11260.796, 1119.9999999999989, 160, 361.970, 0.755127, 98.000, 11260.790, 1120.0, 160, 361.934, 0.797075, 
vary_topo_size_dc_topo_tenant, v-noinit, overlay=tor;total_devices=183;hosts_per_tors=8;tors_per_l1s=10;l1s=2, 98.000, 11260.796, 1119.9999999999989, 160, 361.970, 1.067785, 98.000, 11260.796, 1119.9999999999989, 160, 361.970, 1.110780, 
vary_topo_size_dc_topo_tenant, v-noinit, overlay=none;total_devices=365;hosts_per_tors=8;tors_per_l1s=10;l1s=4, 98.000, 22527.587, 2239.9999999999986, 320, 759.627, 1.542762, 98.000, 22527.574, 2240.0, 320, 759.551, 1.880467, 
vary_topo_size_dc_topo_tenant, v-noinit, overlay=tor;total_devices=365;hosts_per_tors=8;tors_per_l1s=10;l1s=4, 98.000, 22527.587, 2239.9999999999986, 320, 759.627, 1.447598, 98.000, 22527.587, 2239.9999999999986, 320, 759.627, 1.454313, 
vary_topo_size_dc_topo_tenant, v-noinit, overlay=none;total_devices=911;hosts_per_tors=8;tors_per_l1s=10;l1s=10, 98.000, 56357.200, 5599.999999999998, 800, 2126.700, 3.979592, 98.000, 56357.164, 5600.0, 800, 2126.487, 4.310858, 
vary_topo_size_dc_topo_tenant, v-noinit, overlay=tor;total_devices=911;hosts_per_tors=8;tors_per_l1s=10;l1s=10, 98.000, 56357.200, 5599.999999999998, 800, 2126.700, 3.669343, 98.000, 56357.200, 5599.999999999998, 800, 2126.700, 3.942680, 
vary_topo_size_dc_topo_tenant, v-noinit, overlay=none;total_devices=363;hosts_per_tors=8;tors_per_l1s=20;l1s=2, 98.000, 22528.272, 2239.9999999999986, 320, 763.705, 1.425443, 98.000, 22528.259, 2240.0, 320, 763.629, 1.616338, 
vary_topo_size_dc_topo_tenant, v-noinit, overlay=tor;total_devices=363;hosts_per_tors=8;tors_per_l1s=20;l1s=2, 98.000, 22528.272, 2239.9999999999986, 320, 763.705, 1.384110, 98.000, 22528.272, 2239.9999999999986, 320, 763.705, 1.403812, 
vary_topo_size_dc_topo_tenant, v-noinit, overlay=none;total_devices=725;hosts_per_tors=8;tors_per_l1s=20;l1s=4, 98.000, 45058.641, 4479.999999999998, 640, 1539.901, 3.352594, 98.000, 45058.616, 4480.0, 640, 1539.747, 3.560892, 
vary_topo_size_dc_topo_tenant, v-noinit, overlay=tor;total_devices=725;hosts_per_tors=8;tors_per_l1s=20;l1s=4, 98.000, 45058.641, 4479.999999999998, 640, 1539.901, 2.840781, 98.000, 45058.641, 4479.999999999998, 640, 1539.901, 3.118201, 
vary_topo_size_dc_topo_tenant, v-noinit, overlay=none;total_devices=1811;hosts_per_tors=8;tors_per_l1s=20;l1s=10, 98.000, 112759.783, 11199.999999999998, 1600, 4523.603, 8.286248, 98.000, 112759.707, 11200.0, 1600, 4523.150, 10.203866, 
vary_topo_size_dc_topo_tenant, v-noinit, overlay=tor;total_devices=1811;hosts_per_tors=8;tors_per_l1s=20;l1s=10, 98.000, 112759.783, 11199.999999999998, 1600, 4523.603, 11.564616, 98.000, 112759.783, 11199.999999999998, 1600, 4523.603, 11.791734, 
vary_topo_size_dc_topo_tenant, v-noinit, overlay=none;total_devices=199;hosts_per_tors=48;tors_per_l1s=2;l1s=2, 98.000, 13515.182, 1343.9999999999989, 192, 447.619, 0.754249, 98.000, 13515.174, 1344.0, 192, 447.574, 0.849051, 
vary_topo_size_dc_topo_tenant, v-noinit, overlay=tor;total_devices=199;hosts_per_tors=48;tors_per_l1s=2;l1s=2, 98.000, 13515.182, 1343.9999999999989, 192, 447.619, 1.062337, 98.000, 13515.182, 1343.9999999999989, 192, 447.619, 0.659648, 
vary_topo_size_dc_topo_tenant, v-noinit, overlay=none;total_devices=397;hosts_per_tors=48;tors_per_l1s=2;l1s=4, 98.000, 27040.281, 2687.9999999999986, 384, 954.281, 1.567608, 98.000, 27040.281, 2688.0, 384, 954.281, 1.748495, 
vary_topo_size_dc_topo_tenant, v-noinit, overlay=tor;total_devices=397;hosts_per_tors=48;tors_per_l1s=2;l1s=4, 98.000, 27040.281, 2687.9999999999986, 384, 954.281, 1.409722, 98.000, 27040.281, 2687.9999999999986, 384, 954.281, 1.396923, 
vary_topo_size_dc_topo_tenant, v-noinit, overlay=none;total_devices=991;hosts_per_tors=48;tors_per_l1s=2;l1s=10, 93.333, 65454.685, 6502.999999999999, 960, 2528.438, 6.299497, 93.333, 58204.596, 5777.999999999999, 960, 2527.905, 130.245186, 
vary_topo_size_dc_topo_tenant, v-noinit, overlay=tor;total_devices=991;hosts_per_tors=48;tors_per_l1s=2;l1s=10, 93.333, 58384.685, 5795.999999999999, 960, 2528.430, 5.055292, 93.333, 58374.685, 5794.999999999999, 960, 2528.430, 5.073280, 
vary_topo_size_dc_topo_tenant, v-noinit, overlay=none;total_devices=983;hosts_per_tors=48;tors_per_l1s=10;l1s=2, 93.333, 65415.170, 6509.999999999999, 960, 1875.912, 6.406584, 93.333, 59585.085, 5927.0, 960, 1875.410, 18.753697, 
vary_topo_size_dc_topo_tenant, v-noinit, overlay=tor;total_devices=983;hosts_per_tors=48;tors_per_l1s=10;l1s=2, 80.000, 41415.173, 4110.00000000002, 960, 1875.871, 7.873446, 80.000, 41415.173, 4110.00000000002, 960, 1875.871, 8.421024, 
vary_topo_size_dc_topo_tenant, v-noinit, overlay=none;total_devices=1965;hosts_per_tors=48;tors_per_l1s=10;l1s=4, 93.333, 131156.685, 13053.999999999998, 1920, 3670.282, 13.650744, 93.333, 131156.685, 13053.999999999998, 1920, 3670.278, 142.823731, 
vary_topo_size_dc_topo_tenant, v-noinit, overlay=tor;total_devices=1965;hosts_per_tors=48;tors_per_l1s=10;l1s=4, 80.000, 86351.484, 8584.0, 1920, 3043.253, 19.812109, 80.000, 86351.440, 8584.0, 1920, 3042.989, 20.933667, 
vary_topo_size_dc_topo_tenant, v-noinit, overlay=none;total_devices=4911;hosts_per_tors=48;tors_per_l1s=10;l1s=10, 93.333, 329121.242, 32759.999999999996, 4800, 9053.245, 44.086123, 93.333, 329121.242, 32759.999999999996, 4800, 9053.245, 194.542032, 
vary_topo_size_dc_topo_tenant, v-noinit, overlay=tor;total_devices=4911;hosts_per_tors=48;tors_per_l1s=10;l1s=10, 70.000, 172090.528, 17124.0, 4800, 5056.766, 58.962169, 70.000, 172090.514, 17124.0, 4800, 5056.684, 60.500082, 
vary_topo_size_dc_topo_tenant, v-noinit, overlay=none;total_devices=1963;hosts_per_tors=48;tors_per_l1s=20;l1s=2, 93.333, 130969.313, 13037.999999999998, 1920, 3507.110, 12.626099, 93.333, 130969.313, 13037.999999999998, 1920, 3507.110, 142.098503, 
vary_topo_size_dc_topo_tenant, v-noinit, overlay=tor;total_devices=1963;hosts_per_tors=48;tors_per_l1s=20;l1s=2, 80.000, 87014.104, 8652.0, 1920, 2939.545, 19.607154, 80.000, 86994.081, 8650.0, 1920, 2939.411, 22.047691, 
vary_topo_size_dc_topo_tenant, v-noinit, overlay=none;total_devices=3925;hosts_per_tors=48;tors_per_l1s=20;l1s=4, 93.333, 262614.975, 26144.999999999996, 3840, 6932.655, 33.224595, 93.333, 262614.973, 26144.999999999996, 3840, 6932.644, 187.411522, 
vary_topo_size_dc_topo_tenant, v-noinit, overlay=tor;total_devices=3925;hosts_per_tors=48;tors_per_l1s=20;l1s=4, 70.000, 136801.583, 13600.000000000018, 3840, 4767.213, 43.031702, 70.000, 136791.564, 13599.000000000018, 3840, 4767.103, 46.679556, 
vary_topo_size_dc_topo_tenant, v-noinit, overlay=none;total_devices=9811;hosts_per_tors=48;tors_per_l1s=20;l1s=10, 93.333, 658342.005, 65544.99999999999, 9600, 17209.254, 114.059063, 93.333, 658342.001, 65544.99999999999, 9600, 17209.230, 316.747980, 
vary_topo_size_dc_topo_tenant, v-noinit, overlay=tor;total_devices=9811;hosts_per_tors=48;tors_per_l1s=20;l1s=10, 70.000, 350807.283, 34967.0, 9600, 6753.955, 124.056170, 70.000, 350797.264, 34966.0, 9600, 6753.842, 129.955770, 

# include switches in clustering
vary_topo_size_dc_topo_tenant, v-noinit, overlay=spectral;total_devices=199;hosts_per_tors=48;tors_per_l1s=2;l1s=2, 98.000, 13521.082, 1343.9999999999989, 192, 482.748, 1.217048, 98.000, 13521.082, 1343.9999999999989, 192, 482.748, 1.363025, 
vary_topo_size_dc_topo_tenant, v-noinit, overlay=spectral;total_devices=397;hosts_per_tors=48;tors_per_l1s=2;l1s=4, 98.000, 27041.648, 2687.9999999999986, 384, 962.419, 2.367180, 98.000, 27041.635, 2687.9999999999986, 384, 962.344, 2.695148, 
vary_topo_size_dc_topo_tenant, v-noinit, overlay=spectral;total_devices=991;hosts_per_tors=48;tors_per_l1s=2;l1s=10, 93.333, 64312.247, 6388.999999999999, 960, 2513.855, 9.481985, vary_topo_size_dc_topo_tenant, v-noinit, overlay=spectral;total_devices=199;hosts_per_tors=48;tors_per_l1s=2;l1s=2, 87.500, 10449.839, 1039.0, 192, 356.187, 1.557879, 87.500, 9959.290, 990.0, 192, 352.912, 1.829478, 
vary_topo_size_dc_topo_tenant, v-noinit, overlay=spectral;total_devices=397;hosts_per_tors=48;tors_per_l1s=2;l1s=4, 87.500, 20549.059, 2041.0, 384, 827.865, 2.928186, 87.500, 19608.289, 1947.0, 384, 823.273, 3.247041, 
vary_topo_size_dc_topo_tenant, v-noinit, overlay=spectral;total_devices=991;hosts_per_tors=48;tors_per_l1s=2;l1s=10, vary_topo_size_dc_topo_tenant, v-noinit, overlay=spectral;total_devices=983;hosts_per_tors=48;tors_per_l1s=10;l1s=2, vary_topo_size_dc_topo_tenant, v-noinit, overlay=spectral;total_devices=1965;hosts_per_tors=48;tors_per_l1s=10;l1s=4, vary_topo_size_dc_topo_tenant, v-noinit, overlay=spectral;total_devices=4911;hosts_per_tors=48;tors_per_l1s=10;l1s=10, vary_topo_size_dc_topo_tenant, v-noinit, overlay=spectral;total_devices=1963;hosts_per_tors=48;tors_per_l1s=20;l1s=2, vary_topo_size_dc_topo_tenant, v-noinit, overlay=spectral;total_devices=3925;hosts_per_tors=48;tors_per_l1s=20;l1s=4, vary_topo_size_dc_topo_tenant, v-noinit, overlay=spectral;total_devices=9811;hosts_per_tors=48;tors_per_l1s=20;l1s=10, 

# every device in separate cluster -> basically univmon!!
vary_topo_size_dc_topo_tenant, v-noinit, overlay=spectral;total_devices=199;hosts_per_tors=48;tors_per_l1s=2;l1s=2, 98.000, 13513.898, 1343.9999999999989, 192, 439.972, 0.874025, 98.000, 13513.898, 1343.9999999999989, 192, 439.972, 0.842627, 
vary_topo_size_dc_topo_tenant, v-noinit, overlay=spectral;total_devices=397;hosts_per_tors=48;tors_per_l1s=2;l1s=4, 98.000, 27045.247, 2687.9999999999986, 384, 983.848, 1.858931, 98.000, 27045.247, 2687.9999999999986, 384, 983.848, 1.886156, 
vary_topo_size_dc_topo_tenant, v-noinit, overlay=spectral;total_devices=991;hosts_per_tors=48;tors_per_l1s=2;l1s=10, 93.333, 65314.694, 6488.999999999999, 960, 2528.438, 11.715957, 93.333, 65314.694, 6488.999999999999, 960, 2528.438, 12.309625, 
vary_topo_size_dc_topo_tenant, v-noinit, overlay=spectral;total_devices=983;hosts_per_tors=48;tors_per_l1s=10;l1s=2, 93.333, 65575.170, 6525.999999999999, 960, 1875.898, 12.390094, 93.333, 65575.170, 6525.999999999999, 960, 1875.898, 13.547517, 
vary_topo_size_dc_topo_tenant, v-noinit, overlay=spectral;total_devices=1965;hosts_per_tors=48;tors_per_l1s=10;l1s=4, 93.333, 131246.689, 13062.999999999998, 1920, 3670.265, 30.544487, 93.333, 131246.689, 13062.999999999998, 1920, 3670.265, 34.524000, 
vary_topo_size_dc_topo_tenant, v-noinit, overlay=spectral;total_devices=4911;hosts_per_tors=48;tors_per_l1s=10;l1s=10, 93.333, 329171.244, 32764.999999999996, 4800, 9053.257, 95.378892, 93.333, 329171.244, 32764.999999999996, 4800, 9053.257, 97.900932, 
vary_topo_size_dc_topo_tenant, v-noinit, overlay=spectral;total_devices=1963;hosts_per_tors=48;tors_per_l1s=20;l1s=2, 93.333, 130749.309, 13015.999999999998, 1920, 3507.116, 30.123321, 93.333, 130749.309, 13015.999999999998, 1920, 3507.116, 31.316989, 
vary_topo_size_dc_topo_tenant, v-noinit, overlay=spectral;total_devices=3925;hosts_per_tors=48;tors_per_l1s=20;l1s=4, 93.333, 262764.972, 26159.999999999996, 3840, 6932.659, 89.663130, 93.333, 262764.972, 26159.999999999996, 3840, 6932.659, 94.525966, 
vary_topo_size_dc_topo_tenant, v-noinit, overlay=spectral;total_devices=9811;hosts_per_tors=48;tors_per_l1s=20;l1s=10, 93.333, 658922.005, 65602.99999999999, 9600, 17209.227, 269.039502, 93.333, 658922.005, 65602.99999999999, 9600, 17209.227, 293.981312, 



vary_topo_size_dc_topo_tenant, v-noinit, overlay=spectral;total_devices=199;hosts_per_tors=48;tors_per_l1s=2;l1s=2, 98.000, 13513.898, 1343.9999999999989, 192, 439.972, 0.915619, 98.000, 13513.898, 1343.9999999999989, 192, 439.972, 0.872638, 
vary_topo_size_dc_topo_tenant, v-noinit, overlay=spectral;total_devices=397;hosts_per_tors=48;tors_per_l1s=2;l1s=4, 98.000, 27045.247, 2687.9999999999986, 384, 983.848, 1.882302, 98.000, 27045.247, 2687.9999999999986, 384, 983.848, 1.928240, 
vary_topo_size_dc_topo_tenant, v-noinit, overlay=spectral;total_devices=991;hosts_per_tors=48;tors_per_l1s=2;l1s=10, 93.333, 65314.694, 6488.999999999999, 960, 2528.438, 12.271275, 93.333, 65314.694, 6488.999999999999, 960, 2528.438, 12.623625, 
vary_topo_size_dc_topo_tenant, v-noinit, overlay=spectral;total_devices=983;hosts_per_tors=48;tors_per_l1s=10;l1s=2, 93.333, 65575.170, 6525.999999999999, 960, 1875.898, 12.275445, 93.333, 65575.170, 6525.999999999999, 960, 1875.898, 13.487181, 
vary_topo_size_dc_topo_tenant, v-noinit, overlay=spectral;total_devices=1965;hosts_per_tors=48;tors_per_l1s=10;l1s=4, -, -, -, -, -, vary_topo_size_dc_topo_tenant, v-noinit, overlay=spectral;total_devices=4911;hosts_per_tors=48;tors_per_l1s=10;l1s=10, 87.500, 275626.123, 27474.0, 4800, 5268.899, 90.306479, 87.500, 275626.108, 27474.0, 4800, 5268.811, 92.258041, 
vary_topo_size_dc_topo_tenant, v-noinit, overlay=spectral;total_devices=1963;hosts_per_tors=48;tors_per_l1s=20;l1s=2, -, -, -, -, -, vary_topo_size_dc_topo_tenant, v-noinit, overlay=spectral;total_devices=3925;hosts_per_tors=48;tors_per_l1s=20;l1s=4, 



vary_topo_size_dc_topo_tenant, v-noinit, overlay=spectral;total_devices=199;hosts_per_tors=48;tors_per_l1s=2;l1s=2, 98.000, 13513.898, 1343.9999999999989, 192, 439.972, 0.934422, 98.000, 13513.898, 1343.9999999999989, 192, 439.972, 0.885842, 
vary_topo_size_dc_topo_tenant, v-noinit, overlay=spectral;total_devices=397;hosts_per_tors=48;tors_per_l1s=2;l1s=4, 98.000, 27045.247, 2687.9999999999986, 384, 983.848, 1.894049, 98.000, 27045.247, 2687.9999999999986, 384, 983.848, 1.931754, 
vary_topo_size_dc_topo_tenant, v-noinit, overlay=spectral;total_devices=991;hosts_per_tors=48;tors_per_l1s=2;l1s=10, 93.333, 65314.694, 6488.999999999999, 960, 2528.438, 11.796462, 93.333, 65314.694, 6488.999999999999, 960, 2528.438, 12.552687, 
vary_topo_size_dc_topo_tenant, v-noinit, overlay=spectral;total_devices=983;hosts_per_tors=48;tors_per_l1s=10;l1s=2, 93.333, 65575.170, 6525.999999999999, 960, 1875.898, 12.286461, 93.333, 65575.170, 6525.999999999999, 960, 1875.898, 13.788667, 
vary_topo_size_dc_topo_tenant, v-noinit, overlay=spectral;total_devices=1965;hosts_per_tors=48;tors_per_l1s=10;l1s=4, -, -, -, -, -, vary_topo_size_dc_topo_tenant, v-noinit, overlay=spectral;total_devices=4911;hosts_per_tors=48;tors_per_l1s=10;l1s=10, 87.500, 275626.123, 27474.0, 4800, 5268.899, 90.437507, 87.500, 275626.108, 27474.0, 4800, 5268.811, 92.776915, 
vary_topo_size_dc_topo_tenant, v-noinit, overlay=spectral;total_devices=1963;hosts_per_tors=48;tors_per_l1s=20;l1s=2, -, -, -, -, -, vary_topo_size_dc_topo_tenant, v-noinit, overlay=spectral;total_devices=3925;hosts_per_tors=48;tors_per_l1s=20;l1s=4, -, -, -, -, -, vary_topo_size_dc_topo_tenant, v-noinit, overlay=spectral;total_devices=9811;hosts_per_tors=48;tors_per_l1s=20;l1s=10, 93.333, 644474.767, 64322.99999999999, 9600, 7394.429, 270.333393, 93.333, 644474.767, 64322.99999999999, 9600, 7394.429, 279.958640, 


# switches clustsered separately
vary_topo_size_dc_topo_tenant, v-noinit, overlay=spectral;total_devices=199;hosts_per_tors=48;tors_per_l1s=2;l1s=2, 98.000, 13513.898, 1343.9999999999989, 192, 439.972, 0.673287, 98.000, 13513.898, 1343.9999999999989, 192, 439.972, 0.637915, 
vary_topo_size_dc_topo_tenant, v-noinit, overlay=spectral;total_devices=397;hosts_per_tors=48;tors_per_l1s=2;l1s=4, 98.000, 27045.247, 2687.9999999999986, 384, 983.848, 1.322619, 98.000, 27045.247, 2687.9999999999986, 384, 983.848, 1.303715, 
vary_topo_size_dc_topo_tenant, v-noinit, overlay=spectral;total_devices=991;hosts_per_tors=48;tors_per_l1s=2;l1s=10, 87.500, 49094.696, 4867.0, 960, 2528.425, 6.154786, 87.500, 49064.696, 4864.0, 960, 2528.425, 6.970786, 
vary_topo_size_dc_topo_tenant, v-noinit, overlay=spectral;total_devices=983;hosts_per_tors=48;tors_per_l1s=10;l1s=2, 87.500, 50825.173, 5051.0, 960, 1875.874, 7.321380, 87.500, 50805.173, 5049.0, 960, 1875.874, 8.012037, 
vary_topo_size_dc_topo_tenant, v-noinit, overlay=spectral;total_devices=1965;hosts_per_tors=48;tors_per_l1s=10;l1s=4, 70.000, 71469.343, 7133.0, 1920, 825.688, 17.116305, 70.000, 71459.343, 7132.0, 1920, 825.688, 18.053812, 
vary_topo_size_dc_topo_tenant, v-noinit, overlay=spectral;total_devices=4911;hosts_per_tors=48;tors_per_l1s=10;l1s=10, 70.000, 178304.492, 17798.000000000015, 4800, 1922.068, 44.519639, 70.000, 178294.492, 17797.00000000002, 4800, 1922.068, 48.487011, 
vary_topo_size_dc_topo_tenant, v-noinit, overlay=spectral;total_devices=1963;hosts_per_tors=48;tors_per_l1s=20;l1s=2, 70.000, 71650.987, 7153.000000000005, 1920, 716.380, 16.581706, 70.000, 71590.983, 7147.0, 1920, 716.355, 18.443041, 
vary_topo_size_dc_topo_tenant, v-noinit, overlay=spectral;total_devices=3925;hosts_per_tors=48;tors_per_l1s=20;l1s=4, 70.000, 143920.701, 14370.000000000005, 3840, 1305.897, 35.597309, 70.000, 143910.701, 14369.000000000005, 3840, 1305.897, 38.073797, 
vary_topo_size_dc_topo_tenant, v-noinit, overlay=spectral;total_devices=9811;hosts_per_tors=48;tors_per_l1s=20;l1s=10, 70.000, 358833.765, 35837.000000000015, 9600, 2740.636, 94.010320, 70.000, 358823.762, 35836.000000000015, 9600, 2740.619, 99.528389, 

# all switches separate
vary_topo_size_dc_topo_tenant, v-noinit, overlay=spectral;total_devices=199;hosts_per_tors=48;tors_per_l1s=2;l1s=2, 98.000, 13513.898, 1343.9999999999989, 192, 439.972, 0.669725, 98.000, 13513.898, 1343.9999999999989, 192, 439.972, 0.633568, 
vary_topo_size_dc_topo_tenant, v-noinit, overlay=spectral;total_devices=397;hosts_per_tors=48;tors_per_l1s=2;l1s=4, 98.000, 27045.247, 2687.9999999999986, 384, 983.848, 1.315305, 98.000, 27045.247, 2687.9999999999986, 384, 983.848, 1.294055, 
vary_topo_size_dc_topo_tenant, v-noinit, overlay=spectral;total_devices=991;hosts_per_tors=48;tors_per_l1s=2;l1s=10, 87.500, 49074.696, 4865.0, 960, 2528.425, 6.040259, 87.500, 49034.696, 4861.0, 960, 2528.425, 6.483085, 
vary_topo_size_dc_topo_tenant, v-noinit, overlay=spectral;total_devices=983;hosts_per_tors=48;tors_per_l1s=10;l1s=2, 87.500, 50775.173, 5046.0, 960, 1875.874, 6.987320, 87.500, 50765.173, 5045.0, 960, 1875.874, 7.231879, 
vary_topo_size_dc_topo_tenant, v-noinit, overlay=spectral;total_devices=1965;hosts_per_tors=48;tors_per_l1s=10;l1s=4, 80.000, 83026.687, 8241.00000000002, 1920, 3670.155, 14.615284, 80.000, 82986.687, 8237.00000000002, 1920, 3670.155, 15.901637, 
vary_topo_size_dc_topo_tenant, v-noinit, overlay=spectral;total_devices=4911;hosts_per_tors=48;tors_per_l1s=10;l1s=10, 80.000, 208641.219, 20712.0, 4800, 9053.001, 38.238856, 80.000, 208641.219, 20712.0, 4800, 9053.001, 40.243083, 
vary_topo_size_dc_topo_tenant, v-noinit, overlay=spectral;total_devices=1963;hosts_per_tors=48;tors_per_l1s=20;l1s=2, 80.000, 83709.312, 8312.0, 1920, 3507.003, 14.897941, 80.000, 83669.312, 8308.0, 1920, 3507.003, 15.755998, 
vary_topo_size_dc_topo_tenant, v-noinit, overlay=spectral;total_devices=3925;hosts_per_tors=48;tors_per_l1s=20;l1s=4, 80.000, 168234.970, 16707.0, 3840, 6932.407, 31.180865, 80.000, 168224.970, 16706.0, 3840, 6932.407, 33.700091, 
vary_topo_size_dc_topo_tenant, v-noinit, overlay=spectral;total_devices=9811;hosts_per_tors=48;tors_per_l1s=20;l1s=10, 80.000, 421911.938, 41902.0, 9600, 17208.625, 84.865674, 80.000, 421891.938, 41900.0, 9600, 17208.625, 89.347725, 


vary_topo_size_dc_topo_tenant, v-noinit, overlay=random;total_devices=199;hosts_per_tors=48;tors_per_l1s=2;l1s=2, 98.000, 13513.898, 1343.9999999999989, 192, 439.972, 1.002373, 98.000, 13513.898, 1343.9999999999989, 192, 439.972, 1.013262, 
vary_topo_size_dc_topo_tenant, v-noinit, overlay=random;total_devices=397;hosts_per_tors=48;tors_per_l1s=2;l1s=4, 98.000, 27045.247, 2687.9999999999986, 384, 983.848, 1.593194, 98.000, 27045.247, 2687.9999999999986, 384, 983.848, 1.562692, 
vary_topo_size_dc_topo_tenant, v-noinit, overlay=random;total_devices=991;hosts_per_tors=48;tors_per_l1s=2;l1s=10, 87.500, 49014.694, 4859.0, 960, 2528.438, 5.773727, 87.500, 49014.694, 4859.0, 960, 2528.438, 5.936588, 
vary_topo_size_dc_topo_tenant, v-noinit, overlay=random;total_devices=983;hosts_per_tors=48;tors_per_l1s=10;l1s=2, 87.500, 51195.168, 5088.0, 960, 1875.873, 7.242607, 87.500, 51185.168, 5087.0, 960, 1875.873, 8.125190, 
vary_topo_size_dc_topo_tenant, v-noinit, overlay=random;total_devices=1965;hosts_per_tors=48;tors_per_l1s=10;l1s=4, 80.000, 83466.673, 8285.0, 1920, 3670.148, 16.088226, 80.000, 83466.673, 8285.0, 1920, 3670.148, 16.815186, 
vary_topo_size_dc_topo_tenant, v-noinit, overlay=random;total_devices=4911;hosts_per_tors=48;tors_per_l1s=10;l1s=10, 80.000, 209651.194, 20813.00000000002, 4800, 9052.953, 43.554711, 80.000, 209641.194, 20812.00000000002, 4800, 9052.953, 45.477671, 
vary_topo_size_dc_topo_tenant, v-noinit, overlay=random;total_devices=1963;hosts_per_tors=48;tors_per_l1s=20;l1s=2, 80.000, 83749.294, 8316.000000000018, 1920, 3506.998, 15.751634, 80.000, 83739.294, 8315.000000000018, 1920, 3506.998, 17.163950, 
vary_topo_size_dc_topo_tenant, v-noinit, overlay=random;total_devices=3925;hosts_per_tors=48;tors_per_l1s=20;l1s=4, 80.000, 168584.930, 16742.0, 3840, 6932.387, 33.985813, 80.000, 168584.930, 16742.0, 3840, 6932.387, 36.395442, 
vary_topo_size_dc_topo_tenant, v-noinit, overlay=random;total_devices=9811;hosts_per_tors=48;tors_per_l1s=20;l1s=10, 80.000, 422931.889, 42004.0, 9600, 17208.499, 98.547162, 80.000, 422931.889, 42004.0, 9600, 17208.499, 103.705508, 


# 5 devices per clusterish
vary_topo_size_dc_topo_tenant, v-noinit, overlay=spectral;total_devices=199;hosts_per_tors=48;tors_per_l1s=2;l1s=2, 98.000, 13513.898, 1343.9999999999989, 192, 439.972, 0.774899, 98.000, 13513.898, 1343.9999999999989, 192, 439.972, 0.652756, 
vary_topo_size_dc_topo_tenant, v-noinit, overlay=spectral;total_devices=397;hosts_per_tors=48;tors_per_l1s=2;l1s=4, 98.000, 27045.247, 2687.9999999999986, 384, 983.848, 1.401643, 98.000, 27045.247, 2687.9999999999986, 384, 983.848, 1.471975, 
vary_topo_size_dc_topo_tenant, v-noinit, overlay=spectral;total_devices=991;hosts_per_tors=48;tors_per_l1s=2;l1s=10, 87.500, 48974.696, 4855.0, 960, 2528.425, 6.030702, 87.500, 48954.696, 4853.0, 960, 2528.425, 6.451813, 
vary_topo_size_dc_topo_tenant, v-noinit, overlay=spectral;total_devices=983;hosts_per_tors=48;tors_per_l1s=10;l1s=2, 87.500, 50845.172, 5053.0, 960, 1875.874, 7.455494, 87.500, 50845.172, 5053.0, 960, 1875.874, 7.401762, 
vary_topo_size_dc_topo_tenant, v-noinit, overlay=spectral;total_devices=1965;hosts_per_tors=48;tors_per_l1s=10;l1s=4, 80.000, 82936.685, 8232.00000000002, 1920, 3670.155, 14.807207, 80.000, 82916.685, 8230.00000000002, 1920, 3670.155, 15.694329, 
vary_topo_size_dc_topo_tenant, v-noinit, overlay=spectral;total_devices=4911;hosts_per_tors=48;tors_per_l1s=10;l1s=10, 80.000, 208631.219, 20711.0, 4800, 9053.001, 38.329272, 80.000, 208631.219, 20711.0, 4800, 9053.001, 41.348529, 
vary_topo_size_dc_topo_tenant, v-noinit, overlay=spectral;total_devices=1963;hosts_per_tors=48;tors_per_l1s=20;l1s=2, 80.000, 83559.312, 8297.0, 1920, 3507.003, 14.935364, 80.000, 83509.312, 8292.0, 1920, 3507.003, 15.350793, 
vary_topo_size_dc_topo_tenant, v-noinit, overlay=spectral;total_devices=3925;hosts_per_tors=48;tors_per_l1s=20;l1s=4, 80.000, 168654.970, 16749.0, 3840, 6932.407, 32.476983, 80.000, 168654.970, 16749.0, 3840, 6932.407, 33.360420, 
vary_topo_size_dc_topo_tenant, v-noinit, overlay=spectral;total_devices=9811;hosts_per_tors=48;tors_per_l1s=20;l1s=10, 80.000, 421901.936, 41901.0, 9600, 17208.625, 86.535516, 80.000, 421891.936, 41900.0, 9600, 17208.625, 89.042188, 


vary_topo_size_dc_topo_tenant, v-noinit, overlay=spectralU;total_devices=199;hosts_per_tors=48;tors_per_l1s=2;l1s=2, 98.000, 13513.898, 1343.9999999999989, 192, 439.972, 0.739987, 98.000, 13513.898, 1343.9999999999989, 192, 439.972, 0.649497, 
vary_topo_size_dc_topo_tenant, v-noinit, overlay=spectralU;total_devices=397;hosts_per_tors=48;tors_per_l1s=2;l1s=4, 98.000, 27045.247, 2687.9999999999986, 384, 983.848, 1.444936, 98.000, 27045.247, 2687.9999999999986, 384, 983.848, 1.484856, 
vary_topo_size_dc_topo_tenant, v-noinit, overlay=spectralU;total_devices=991;hosts_per_tors=48;tors_per_l1s=2;l1s=10, 87.500, 48944.696, 4852.0, 960, 2528.425, 5.057162, 87.500, 48934.696, 4851.0, 960, 2528.425, 5.224066, 
vary_topo_size_dc_topo_tenant, v-noinit, overlay=spectralU;total_devices=983;hosts_per_tors=48;tors_per_l1s=10;l1s=2, 80.000, 41255.171, 4094.0, 960, 1875.874, 7.048769, 80.000, 41245.171, 4093.0, 960, 1875.874, 7.583502, 
vary_topo_size_dc_topo_tenant, v-noinit, overlay=spectralU;total_devices=1965;hosts_per_tors=48;tors_per_l1s=10;l1s=4, 80.000, 83116.685, 8250.000000000022, 1920, 3670.155, 14.779605, 80.000, 83106.685, 8249.000000000022, 1920, 3670.155, 15.883278, 
vary_topo_size_dc_topo_tenant, v-noinit, overlay=spectralU;total_devices=4911;hosts_per_tors=48;tors_per_l1s=10;l1s=10, 80.000, 209001.220, 20748.00000000002, 4800, 9053.001, 40.578343, 80.000, 209001.220, 20748.00000000002, 4800, 9053.001, 42.844130, 
vary_topo_size_dc_topo_tenant, v-noinit, overlay=spectralU;total_devices=1963;hosts_per_tors=48;tors_per_l1s=20;l1s=2, 87.500, 103309.313, 10272.0, 1920, 3507.003, 15.776528, 87.500, 103269.313, 10268.0, 1920, 3507.003, 15.921010, 
vary_topo_size_dc_topo_tenant, v-noinit, overlay=spectralU;total_devices=3925;hosts_per_tors=48;tors_per_l1s=20;l1s=4, 80.000, 168294.972, 16713.0, 3840, 6932.407, 32.546777, 80.000, 168264.972, 16710.0, 3840, 6932.407, 33.922333, 
vary_topo_size_dc_topo_tenant, v-noinit, overlay=spectralU;total_devices=9811;hosts_per_tors=48;tors_per_l1s=20;l1s=10, 80.000, 422241.953, 41935.0, 9600, 17208.625, 96.655330, 80.000, 450771.953, 44788.0, 9600, 17208.625, 100.589486, 


vary_topo_size_dc_topo_tenant, v-noinit, overlay=spectralU;total_devices=199;refine=True;hosts_per_tors=48;tors_per_l1s=2;l1s=2, 98.000, 13513.898, 1343.9999999999989, 192, 439.972, 1.306432, 98.000, 13513.898, 1343.9999999999989, 192, 439.972, 1.318139, 
vary_topo_size_dc_topo_tenant, v-noinit, overlay=spectralU;total_devices=397;refine=True;hosts_per_tors=48;tors_per_l1s=2;l1s=4, 98.000, 27045.247, 2687.9999999999986, 384, 983.848, 2.801869, 98.000, 27045.247, 2687.9999999999986, 384, 983.848, 2.788583, 
vary_topo_size_dc_topo_tenant, v-noinit, overlay=spectralU;total_devices=991;refine=True;hosts_per_tors=48;tors_per_l1s=2;l1s=10, 93.333, 65314.694, 6488.999999999999, 960, 2528.437, 14.588758, 93.333, 65184.694, 6475.999999999999, 960, 2528.437, 15.282827, 
vary_topo_size_dc_topo_tenant, v-noinit, overlay=spectralU;total_devices=983;refine=True;hosts_per_tors=48;tors_per_l1s=10;l1s=2, 93.333, 65575.170, 6525.999999999999, 960, 1875.898, 14.684056, 93.333, 65535.170, 6521.999999999999, 960, 1875.898, 15.429632, 
vary_topo_size_dc_topo_tenant, v-noinit, overlay=spectralU;total_devices=1965;refine=True;hosts_per_tors=48;tors_per_l1s=10;l1s=4, 93.333, 131246.689, 13062.999999999998, 1920, 3670.265, 35.359957, 93.333, 131186.689, 13056.999999999998, 1920, 3670.265, 36.425009, 
vary_topo_size_dc_topo_tenant, v-noinit, overlay=spectralU;total_devices=4911;refine=True;hosts_per_tors=48;tors_per_l1s=10;l1s=10, 93.333, 329171.244, 32764.999999999996, 4800, 9053.257, 94.718114, 93.333, 328851.244, 32732.999999999996, 4800, 9053.257, 99.700941, 
vary_topo_size_dc_topo_tenant, v-noinit, overlay=spectralU;total_devices=1963;refine=True;hosts_per_tors=48;tors_per_l1s=20;l1s=2, 93.333, 130749.309, 13015.999999999998, 1920, 3507.116, 36.162906, 93.333, 130659.309, 13006.999999999998, 1920, 3507.116, 36.107773, 
vary_topo_size_dc_topo_tenant, v-noinit, overlay=spectralU;total_devices=3925;refine=True;hosts_per_tors=48;tors_per_l1s=20;l1s=4, 93.333, 262764.972, 26159.999999999996, 3840, 6932.659, 90.713171, 93.333, 262664.972, 26149.999999999996, 3840, 6932.659, 94.429707, 
vary_topo_size_dc_topo_tenant, v-noinit, overlay=spectralU;total_devices=9811;refine=True;hosts_per_tors=48;tors_per_l1s=20;l1s=10, 93.333, 658932.010, 65603.99999999999, 9600, 17209.251, 233.149916, 93.333, 658012.010, 65511.99999999999, 9600, 17209.251, 247.961354, 


vary_topo_size_dc_topo_tenant, v-noinit, overlay=spectral;total_devices=199;refine=True;hosts_per_tors=48;tors_per_l1s=2;l1s=2, 98.000, 13513.898, 1343.9999999999989, 192, 439.972, 1.433757, 98.000, 13513.898, 1343.9999999999989, 192, 439.972, 1.338391, 
vary_topo_size_dc_topo_tenant, v-noinit, overlay=tor;total_devices=199;refine=True;hosts_per_tors=48;tors_per_l1s=2;l1s=2, 98.000, 13513.898, 1343.9999999999989, 192, 439.972, 1.402456, 98.000, 13513.898, 1343.9999999999989, 192, 439.972, 1.319732, 
vary_topo_size_dc_topo_tenant, v-noinit, overlay=spectral;total_devices=397;refine=True;hosts_per_tors=48;tors_per_l1s=2;l1s=4, 98.000, 27045.247, 2687.9999999999986, 384, 983.848, 2.811819, 98.000, 27045.247, 2687.9999999999986, 384, 983.848, 2.700564, 
vary_topo_size_dc_topo_tenant, v-noinit, overlay=tor;total_devices=397;refine=True;hosts_per_tors=48;tors_per_l1s=2;l1s=4, 98.000, 27045.247, 2687.9999999999986, 384, 983.848, 2.780302, 98.000, 27045.247, 2687.9999999999986, 384, 983.848, 2.784961, 
vary_topo_size_dc_topo_tenant, v-noinit, overlay=spectral;total_devices=991;refine=True;hosts_per_tors=48;tors_per_l1s=2;l1s=10, 93.333, 65314.694, 6488.999999999999, 960, 2528.437, 14.596757, 93.333, 65154.694, 6472.999999999999, 960, 2528.437, 15.535862, 
vary_topo_size_dc_topo_tenant, v-noinit, overlay=tor;total_devices=991;refine=True;hosts_per_tors=48;tors_per_l1s=2;l1s=10, 93.333, 65314.694, 6488.999999999999, 960, 2528.437, 14.959851, 93.333, 65274.694, 6484.999999999999, 960, 2528.437, 16.049731, 
vary_topo_size_dc_topo_tenant, v-noinit, overlay=spectral;total_devices=983;refine=True;hosts_per_tors=48;tors_per_l1s=10;l1s=2, 93.333, 65575.170, 6525.999999999999, 960, 1875.898, 15.150186, 93.333, 65435.170, 6511.999999999999, 960, 1875.898, 15.964107, 
vary_topo_size_dc_topo_tenant, v-noinit, overlay=tor;total_devices=983;refine=True;hosts_per_tors=48;tors_per_l1s=10;l1s=2, 93.333, 65575.170, 6525.999999999999, 960, 1875.898, 15.529763, 93.333, 65525.170, 6520.999999999999, 960, 1875.898, 16.281682, 
vary_topo_size_dc_topo_tenant, v-noinit, overlay=spectral;total_devices=1965;refine=True;hosts_per_tors=48;tors_per_l1s=10;l1s=4, 93.333, 131246.689, 13062.999999999998, 1920, 3670.265, 34.081076, 93.333, 131066.689, 13044.999999999998, 1920, 3670.265, 35.438471, 
vary_topo_size_dc_topo_tenant, v-noinit, overlay=tor;total_devices=1965;refine=True;hosts_per_tors=48;tors_per_l1s=10;l1s=4, 93.333, 131246.689, 13062.999999999998, 1920, 3670.265, 34.394441, 93.333, 131236.689, 13061.999999999998, 1920, 3670.265, 36.316530, 
vary_topo_size_dc_topo_tenant, v-noinit, overlay=spectral;total_devices=4911;refine=True;hosts_per_tors=48;tors_per_l1s=10;l1s=10, 93.333, 329171.244, 32764.999999999996, 4800, 9053.257, 93.025936, 93.333, 328971.244, 32744.999999999996, 4800, 9053.257, 96.127722, 
vary_topo_size_dc_topo_tenant, v-noinit, overlay=tor;total_devices=4911;refine=True;hosts_per_tors=48;tors_per_l1s=10;l1s=10, 93.333, 329171.244, 32764.999999999996, 4800, 9053.257, 96.960145, 93.333, 329121.244, 32759.999999999996, 4800, 9053.257, 98.316220, 
vary_topo_size_dc_topo_tenant, v-noinit, overlay=spectral;total_devices=1963;refine=True;hosts_per_tors=48;tors_per_l1s=20;l1s=2, 93.333, 130749.309, 13015.999999999998, 1920, 3507.116, 33.571725, 93.333, 130659.309, 13006.999999999998, 1920, 3507.116, 37.191013, 
vary_topo_size_dc_topo_tenant, v-noinit, overlay=tor;total_devices=1963;refine=True;hosts_per_tors=48;tors_per_l1s=20;l1s=2, 93.333, 130749.309, 13015.999999999998, 1920, 3507.116, 33.902150, 93.333, 130729.309, 13013.999999999998, 1920, 3507.116, 36.281611, 
vary_topo_size_dc_topo_tenant, v-noinit, overlay=spectral;total_devices=3925;refine=True;hosts_per_tors=48;tors_per_l1s=20;l1s=4, 93.333, 262764.972, 26159.999999999996, 3840, 6932.659, 88.193880, 93.333, 262574.972, 26140.999999999996, 3840, 6932.659, 109.051375, 
vary_topo_size_dc_topo_tenant, v-noinit, overlay=tor;total_devices=3925;refine=True;hosts_per_tors=48;tors_per_l1s=20;l1s=4, 93.333, 262764.972, 26159.999999999996, 3840, 6932.659, 95.586556, 93.333, 262764.972, 26159.999999999996, 3840, 6932.659, 94.689224, 
vary_topo_size_dc_topo_tenant, v-noinit, overlay=spectral;total_devices=9811;refine=True;hosts_per_tors=48;tors_per_l1s=20;l1s=10, 93.333, 658932.010, 65603.99999999999, 9600, 17209.251, 223.722700, 93.333, 658762.010, 65586.99999999999, 9600, 17209.251, 229.704388, 
vary_topo_size_dc_topo_tenant, v-noinit, overlay=tor;total_devices=9811;refine=True;hosts_per_tors=48;tors_per_l1s=20;l1s=10, -, -, -, -, -, 93.333, 658932.010, 65603.99999999999, 9600, 17209.251, 222.314427, 93.333, 658892.010, 65599.99999999999, 9600, 17209.251, 235.506503, 


vary_topo_size_dc_topo_tenant, v-noinit, overlay=spectralU;total_devices=199;refine=False;hosts_per_tors=48;tors_per_l1s=2;l1s=2, 98.000, 13513.898, 1343.9999999999989, 192, 439.972, 0.703817, 98.000, 13513.898, 1343.9999999999989, 192, 439.972, 0.664074, 
vary_topo_size_dc_topo_tenant, v-noinit, overlay=spectralU;total_devices=397;refine=False;hosts_per_tors=48;tors_per_l1s=2;l1s=4, 98.000, 27045.247, 2687.9999999999986, 384, 983.848, 1.438758, 98.000, 27045.247, 2687.9999999999986, 384, 983.848, 1.514103, 
vary_topo_size_dc_topo_tenant, v-noinit, overlay=spectralU;total_devices=991;refine=False;hosts_per_tors=48;tors_per_l1s=2;l1s=10, 87.500, 48934.695, 4851.0, 960, 2528.425, 5.149079, 87.500, 48934.695, 4851.0, 960, 2528.425, 5.264209, 
vary_topo_size_dc_topo_tenant, v-noinit, overlay=spectralU;total_devices=983;refine=False;hosts_per_tors=48;tors_per_l1s=10;l1s=2, 80.000, 41075.171, 4076.0, 960, 1875.874, 7.244386, 80.000, 41075.171, 4076.0, 960, 1875.874, 7.746144, 
vary_topo_size_dc_topo_tenant, v-noinit, overlay=spectralU;total_devices=1965;refine=False;hosts_per_tors=48;tors_per_l1s=10;l1s=4, 80.000, 83066.691, 8245.00000000002, 1920, 3670.155, 14.887527, 80.000, 83056.691, 8244.00000000002, 1920, 3670.155, 16.142315, 
vary_topo_size_dc_topo_tenant, v-noinit, overlay=spectralU;total_devices=4911;refine=False;hosts_per_tors=48;tors_per_l1s=10;l1s=10, 80.000, 208821.223, 20730.000000000004, 4800, 9053.001, 41.441375, 80.000, 208811.223, 20729.0, 4800, 9053.001, 43.611657, 
vary_topo_size_dc_topo_tenant, v-noinit, overlay=spectralU;total_devices=1963;refine=False;hosts_per_tors=48;tors_per_l1s=20;l1s=2, 80.000, 83749.314, 8316.000000000018, 1920, 3507.003, 15.781183, 80.000, 83739.314, 8315.000000000018, 1920, 3507.003, 15.542756, 
vary_topo_size_dc_topo_tenant, v-noinit, overlay=spectralU;total_devices=3925;refine=False;hosts_per_tors=48;tors_per_l1s=20;l1s=4, 80.000, 168224.972, 16706.0, 3840, 6932.407, 33.350363, 80.000, 168224.972, 16706.0, 3840, 6932.407, 33.927838, 
vary_topo_size_dc_topo_tenant, v-noinit, overlay=spectralU;total_devices=9811;refine=False;hosts_per_tors=48;tors_per_l1s=20;l1s=10, 80.000, 423572.021, 42068.0, 9600, 17208.625, 95.051668, 80.000, 423172.022, 42028.0, 9600, 17208.625, 102.557512, 

vary_topo_size_dc_topo_tenant, v-noinit, overlay=tenant;total_devices=199;refine=True;hosts_per_tors=48;tors_per_l1s=2;l1s=2, 98.000, 13522.204, 1343.9999999999989, 192, 489.424, 1.348055, 98.000, 13522.204, 1343.9999999999989, 192, 489.424, 1.287903, 
vary_topo_size_dc_topo_tenant, v-noinit, overlay=tenant;total_devices=199;refine=False;hosts_per_tors=48;tors_per_l1s=2;l1s=2, 98.000, 13522.204, 1343.9999999999989, 192, 489.424, 1.320142, 98.000, 13522.204, 1343.9999999999989, 192, 489.424, 1.289914, 
vary_topo_size_dc_topo_tenant, v-noinit, overlay=tenant;total_devices=397;refine=True;hosts_per_tors=48;tors_per_l1s=2;l1s=4, 98.000, 27031.048, 2687.9999999999986, 384, 899.313, 2.654406, 98.000, 27031.048, 2687.9999999999986, 384, 899.313, 2.651093, 
vary_topo_size_dc_topo_tenant, v-noinit, overlay=tenant;total_devices=397;refine=False;hosts_per_tors=48;tors_per_l1s=2;l1s=4, 98.000, 27031.048, 2687.9999999999986, 384, 899.313, 2.638707, 98.000, 27031.048, 2687.9999999999986, 384, 899.313, 2.571205, 
vary_topo_size_dc_topo_tenant, v-noinit, overlay=tenant;total_devices=991;refine=True;hosts_per_tors=48;tors_per_l1s=2;l1s=10, 93.333, 65504.686, 6507.999999999999, 960, 2528.437, 15.317762, 93.333, 62084.687, 6165.999999999999, 960, 2528.437, 16.104019, 
vary_topo_size_dc_topo_tenant, v-noinit, overlay=tenant;total_devices=991;refine=False;hosts_per_tors=48;tors_per_l1s=2;l1s=10, 93.333, 65504.686, 6507.999999999999, 960, 2528.437, 19.404134, 93.333, 62084.687, 6165.999999999999, 960, 2528.437, 17.034126, 
vary_topo_size_dc_topo_tenant, v-noinit, overlay=tenant;total_devices=983;refine=True;hosts_per_tors=48;tors_per_l1s=10;l1s=2, 93.333, 65735.172, 6541.999999999999, 960, 1875.937, 15.035240, 93.333, 62025.173, 6170.999999999999, 960, 1875.937, 15.748221, 
vary_topo_size_dc_topo_tenant, v-noinit, overlay=tenant;total_devices=983;refine=False;hosts_per_tors=48;tors_per_l1s=10;l1s=2, 93.333, 65735.172, 6541.999999999999, 960, 1875.937, 15.462790, 93.333, 62025.173, 6170.999999999999, 960, 1875.937, 14.907781, 
vary_topo_size_dc_topo_tenant, v-noinit, overlay=tenant;total_devices=1965;refine=True;hosts_per_tors=48;tors_per_l1s=10;l1s=4, 93.333, 131286.678, 13066.999999999998, 1920, 3670.251, 31.386397, 93.333, 124166.682, 12354.999999999998, 1920, 3670.251, 31.319584, 
vary_topo_size_dc_topo_tenant, v-noinit, overlay=tenant;total_devices=1965;refine=False;hosts_per_tors=48;tors_per_l1s=10;l1s=4, 93.333, 131286.678, 13066.999999999998, 1920, 3670.251, 31.321839, 93.333, 124166.682, 12354.999999999998, 1920, 3670.251, 31.981981, 
vary_topo_size_dc_topo_tenant, v-noinit, overlay=tenant;total_devices=4911;refine=True;hosts_per_tors=48;tors_per_l1s=10;l1s=10, 93.333, 329821.252, 32829.99999999999, 4800, 9053.253, 91.341357, 93.333, 311081.269, 30955.999999999996, 4800, 9053.253, 94.453403, 
vary_topo_size_dc_topo_tenant, v-noinit, overlay=tenant;total_devices=4911;refine=False;hosts_per_tors=48;tors_per_l1s=10;l1s=10, 93.333, 329821.252, 32829.99999999999, 4800, 9053.253, 90.161877, 93.333, 311081.269, 30955.999999999996, 4800, 9053.253, 94.195269, 
vary_topo_size_dc_topo_tenant, v-noinit, overlay=tenant;total_devices=1963;refine=True;hosts_per_tors=48;tors_per_l1s=20;l1s=2, 93.333, 131269.307, 13067.999999999998, 1920, 3507.118, 31.444623, 93.333, 124189.313, 12359.999999999998, 1920, 3507.118, 32.080803, 
vary_topo_size_dc_topo_tenant, v-noinit, overlay=tenant;total_devices=1963;refine=False;hosts_per_tors=48;tors_per_l1s=20;l1s=2, 93.333, 131269.307, 13067.999999999998, 1920, 3507.118, 29.659223, 93.333, 124189.313, 12359.999999999998, 1920, 3507.118, 33.559059, 
vary_topo_size_dc_topo_tenant, v-noinit, overlay=tenant;total_devices=3925;refine=True;hosts_per_tors=48;tors_per_l1s=20;l1s=4, 93.333, 263235.000, 26206.999999999996, 3840, 6932.652, 70.986747, 93.333, 250615.008, 24945.0, 3840, 6932.652, 73.917735, 
vary_topo_size_dc_topo_tenant, v-noinit, overlay=tenant;total_devices=3925;refine=False;hosts_per_tors=48;tors_per_l1s=20;l1s=4, 93.333, 263235.000, 26206.999999999996, 3840, 6932.652, 73.077012, 93.333, 250615.008, 24945.0, 3840, 6932.652, 80.102970, 
vary_topo_size_dc_topo_tenant, v-noinit, overlay=tenant;total_devices=9811;refine=True;hosts_per_tors=48;tors_per_l1s=20;l1s=10, 93.333, 658052.001, 65515.99999999999, 9600, 17209.254, 147.561969, 93.333, 627062.015, 62417.0, 9600, 17209.254, 257.377197, 
vary_topo_size_dc_topo_tenant, v-noinit, overlay=tenant;total_devices=9811;refine=False;hosts_per_tors=48;tors_per_l1s=20;l1s=10, 87.500, 535632.098, 53274.0, 9600, 17209.688, 144.887739, 87.500, 522072.100, 51918.0, 9600, 17209.688, 151.690742, 


vary_topo_size_dc_topo_tenant, v-noinit, overlay=tenant;total_devices=9811;refine=True;hosts_per_tors=48;tors_per_l1s=20;l1s=10, 93.333, 658052.001, 65515.99999999999, 9600, 17209.254, 143.335471, 93.333, 627062.015, 62417.0, 9600, 17209.254, 257.613316, 
vary_topo_size_dc_topo_tenant, v-noinit, overlay=tenant;total_devices=9811;refine=False;hosts_per_tors=48;tors_per_l1s=20;l1s=10, 87.500, 535632.098, 53274.0, 9600, 17209.688, 143.838892, 87.500, 522072.100, 51918.0, 9600, 17209.688, 149.528283, 


vary_topo_size_dc_topo_tenant, v-noinit, overlay=tenant;total_devices=15;refine=True;hosts_per_tors=2;tors_per_l1s=2;l1s=2, 98.000, 562.397, 55.99999999999978, 8, 14.273, 0.062940, 98.000, 562.397, 55.99999999999978, 8, 14.273, 0.103661, 
vary_topo_size_dc_topo_tenant, v-noinit, overlay=tenant;total_devices=15;refine=False;hosts_per_tors=2;tors_per_l1s=2;l1s=2, 98.000, 562.397, 55.99999999999978, 8, 14.273, 0.038331, 98.000, 562.397, 55.99999999999978, 8, 14.273, 0.103578, 
vary_topo_size_dc_topo_tenant, v-noinit, overlay=tenant;total_devices=71;refine=True;hosts_per_tors=16;tors_per_l1s=2;l1s=2, 98.000, 4505.689, 447.999999999999, 64, 152.945, 0.256960, 98.000, 4505.686, 447.999999999999, 64, 152.930, 0.456112, 
vary_topo_size_dc_topo_tenant, v-noinit, overlay=tenant;total_devices=71;refine=False;hosts_per_tors=16;tors_per_l1s=2;l1s=2, 98.000, 4505.689, 447.999999999999, 64, 152.945, 0.231470, 98.000, 4505.686, 447.999999999999, 64, 152.930, 0.553559, 
vary_topo_size_dc_topo_tenant, v-noinit, overlay=tenant;total_devices=9811;refine=True;hosts_per_tors=48;tors_per_l1s=20;l1s=10, 93.333, 658052.001, 65515.99999999999, 9600, 17209.254, 140.934604, vary_topo_size_dc_topo_tenant, v-noinit, overlay=tenant;total_devices=9811;refine=True;hosts_per_tors=48;tors_per_l1s=20;l1s=10, 93.333, 658052.001, 65515.99999999999, 9600, 17209.254, 141.459633, vary_topo_size_dc_topo_tenant, v-noinit, overlay=tenant;total_devices=9811;refine=True;hosts_per_tors=48;tors_per_l1s=20;l1s=10, 93.333, 658052.001, 65515.99999999999, 9600, 17209.254, 148.066339, 


vary_topo_size_dc_topo_tenant, n-noinit, overlay=tenant;total_devices=199;refine=True;hosts_per_tors=48;tors_per_l1s=2;l1s=2, 98.000, 13533.326, 1343.9999999999989, 192, 555.645, 0.696958, 98.000, 13533.326, 1343.9999999999989, 192, 555.645, 1.348316, 
vary_topo_size_dc_topo_tenant, n-noinit, overlay=tenant;total_devices=199;refine=False;hosts_per_tors=48;tors_per_l1s=2;l1s=2, 98.000, 13533.326, 1343.9999999999989, 192, 555.645, 0.642942, 98.000, 13533.326, 1343.9999999999989, 192, 555.645, 1.169559, 
vary_topo_size_dc_topo_tenant, n-noinit, overlay=tenant;total_devices=397;refine=True;hosts_per_tors=48;tors_per_l1s=2;l1s=4, 98.000, 27052.953, 2687.9999999999986, 384, 1029.727, 1.457069, 98.000, 27052.953, 2687.9999999999986, 384, 1029.727, 2.415831, 
vary_topo_size_dc_topo_tenant, n-noinit, overlay=tenant;total_devices=397;refine=False;hosts_per_tors=48;tors_per_l1s=2;l1s=4, 98.000, 27052.953, 2687.9999999999986, 384, 1029.727, 1.347270, 98.000, 27052.953, 2687.9999999999986, 384, 1029.727, 2.534260, 
vary_topo_size_dc_topo_tenant, n-noinit, overlay=tenant;total_devices=991;refine=True;hosts_per_tors=48;tors_per_l1s=2;l1s=10, 87.500, 50324.735, 4990.0, 960, 2528.438, 8.616472, 87.500, 50324.735, 4990.0, 960, 2528.438, 13.721893, 
vary_topo_size_dc_topo_tenant, n-noinit, overlay=tenant;total_devices=991;refine=False;hosts_per_tors=48;tors_per_l1s=2;l1s=10, 87.500, 50324.735, 4990.0, 960, 2528.438, 8.902634, 87.500, 50324.735, 4990.0, 960, 2528.438, 14.013627, 
vary_topo_size_dc_topo_tenant, n-noinit, overlay=tenant;total_devices=983;refine=True;hosts_per_tors=48;tors_per_l1s=10;l1s=2, 87.500, 52855.223, 5254.0, 960, 1875.938, 8.800480, 87.500, 52855.223, 5254.0, 960, 1875.938, 15.889547, 
vary_topo_size_dc_topo_tenant, n-noinit, overlay=tenant;total_devices=983;refine=False;hosts_per_tors=48;tors_per_l1s=10;l1s=2, 87.500, 52855.223, 5254.0, 960, 1875.938, 9.187323, 87.500, 52855.223, 5254.0, 960, 1875.938, 16.083011, 
vary_topo_size_dc_topo_tenant, n-noinit, overlay=tenant;total_devices=1965;refine=True;hosts_per_tors=48;tors_per_l1s=10;l1s=4, 87.500, 107336.798, 10672.0, 1920, 3670.312, 40.546488, 87.500, 107336.798, 10672.0, 1920, 3670.312, 55.289804, 
vary_topo_size_dc_topo_tenant, n-noinit, overlay=tenant;total_devices=1965;refine=False;hosts_per_tors=48;tors_per_l1s=10;l1s=4, 87.500, 107336.798, 10672.0, 1920, 3670.312, 40.609767, 87.500, 107336.798, 10672.0, 1920, 3670.312, 55.009412, 
vary_topo_size_dc_topo_tenant, n-noinit, overlay=tenant;total_devices=4911;refine=True;hosts_per_tors=48;tors_per_l1s=10;l1s=10, 87.500, 272461.576, 27094.0, 4800, 9053.438, 138.978609, 87.500, 272461.576, 27094.0, 4800, 9053.438, 179.630510, 
vary_topo_size_dc_topo_tenant, n-noinit, overlay=tenant;total_devices=4911;refine=False;hosts_per_tors=48;tors_per_l1s=10;l1s=10, 87.500, 272461.576, 27094.0, 4800, 9053.438, 139.151006, 87.500, 272461.576, 27094.0, 4800, 9053.438, 179.430970, 


vary_topo_size_dc_topo_tenant, n-noinit, overlay=tenant;total_devices=49021;refine=True;hosts_per_tors=48;tors_per_l1s=50;l1s=20, 70.000, 1641058.543, 162706.0, 48000, 83275.312, 311.321718, 


vary_topo_size_dc_topo_tenant, v-noinit, overlay=tenant;total_devices=49021;refine=False;hosts_per_tors=48;tors_per_l1s=50;l1s=20, 80.000, 2100615.581, 208662.00000000003, 48000, 83275.312, 315.510930, 


vary_topo_size_dc_topo_tenant, v-noinit, overlay=spectralA;total_devices=397;refine=True;hosts_per_tors=48;tors_per_l1s=2;l1s=4, 98.000, 27038.140, 2687.9999999999986, 384, 941.537, 1.571128, 98.000, 27038.140, 2687.9999999999986, 384, 941.537, 2.572065, 
vary_topo_size_dc_topo_tenant, v-noinit, overlay=spectralA;total_devices=397;refine=False;hosts_per_tors=48;tors_per_l1s=2;l1s=4, 98.000, 27038.140, 2687.9999999999986, 384, 941.537, 1.556402, 98.000, 27038.140, 2687.9999999999986, 384, 941.537, 2.526680, 
vary_topo_size_dc_topo_tenant, v-noinit, overlay=spectralA;total_devices=991;refine=True;hosts_per_tors=48;tors_per_l1s=2;l1s=10, 93.333, 65364.699, 6493.999999999999, 960, 2528.438, 5.504339, 93.333, 61744.699, 6131.999999999999, 960, 2528.437, 14.454846, 
vary_topo_size_dc_topo_tenant, v-noinit, overlay=spectralA;total_devices=991;refine=False;hosts_per_tors=48;tors_per_l1s=2;l1s=10, 93.333, 65364.699, 6493.999999999999, 960, 2528.438, 5.593226, 93.333, 61844.699, 6141.999999999999, 960, 2528.437, 14.166281, 
vary_topo_size_dc_topo_tenant, v-noinit, overlay=spectralA;total_devices=1965;refine=True;hosts_per_tors=48;tors_per_l1s=10;l1s=4, 93.333, 131056.679, 13043.999999999998, 1920, 3670.251, 15.447897, 93.333, 124146.682, 12353.0, 1920, 3670.251, 35.151315, 
vary_topo_size_dc_topo_tenant, v-noinit, overlay=spectralA;total_devices=1965;refine=False;hosts_per_tors=48;tors_per_l1s=10;l1s=4, 93.333, 131056.679, 13043.999999999998, 1920, 3670.251, 15.637928, 93.333, 124076.683, 12346.0, 1920, 3670.251, 35.929686, 
vary_topo_size_dc_topo_tenant, v-noinit, overlay=spectralA;total_devices=4911;refine=True;hosts_per_tors=48;tors_per_l1s=10;l1s=10, 93.333, 329771.241, 32824.99999999999, 4800, 9053.256, 40.874985, 93.333, 310371.255, 30885.0, 4800, 9053.256, 90.887795, 
vary_topo_size_dc_topo_tenant, v-noinit, overlay=spectralA;total_devices=4911;refine=False;hosts_per_tors=48;tors_per_l1s=10;l1s=10, 93.333, 329771.241, 32824.99999999999, 4800, 9053.256, 41.614172, 93.333, 310411.257, 30889.0, 4800, 9053.256, 90.622487, 


vary_topo_size_dc_topo_tenant, v-noinit, overlay=spectralA;total_devices=397;refine=True;hosts_per_tors=48;tors_per_l1s=2;l1s=4, 98.000, 27038.140, 2687.9999999999986, 384, 941.537, 1.626869, 98.000, 27038.140, 2687.9999999999986, 384, 941.537, 3.080662, 
vary_topo_size_dc_topo_tenant, v-noinit, overlay=spectralA;total_devices=397;refine=False;hosts_per_tors=48;tors_per_l1s=2;l1s=4, 98.000, 27038.140, 2687.9999999999986, 384, 941.537, 1.476029, 98.000, 27038.140, 2687.9999999999986, 384, 941.537, 3.265820, 
vary_topo_size_dc_topo_tenant, v-noinit, overlay=spectralA;total_devices=991;refine=True;hosts_per_tors=48;tors_per_l1s=2;l1s=10, 93.333, 65364.699, 6493.999999999999, 960, 2528.438, 5.722993, 93.333, 61159.933, 6073.999999999999, 960, 2500.039, 14.376166, 
vary_topo_size_dc_topo_tenant, v-noinit, overlay=spectralA;total_devices=991;refine=False;hosts_per_tors=48;tors_per_l1s=2;l1s=10, 93.333, 65364.699, 6493.999999999999, 960, 2528.438, 5.742121, 93.333, 61418.599, 6099.999999999999, 960, 2492.092, 15.187452, 
vary_topo_size_dc_topo_tenant, v-noinit, overlay=spectralA;total_devices=1965;refine=True;hosts_per_tors=48;tors_per_l1s=10;l1s=4, 93.333, 131056.679, 13043.999999999998, 1920, 3670.251, 16.646098, 93.333, 122839.733, 12223.0, 1920, 3628.828, 38.299623, 
vary_topo_size_dc_topo_tenant, v-noinit, overlay=spectralA;total_devices=1965;refine=False;hosts_per_tors=48;tors_per_l1s=10;l1s=4, 93.333, 131056.679, 13043.999999999998, 1920, 3670.251, 16.208556, 93.333, 122808.560, 12220.0, 1920, 3621.848, 38.141915, 
vary_topo_size_dc_topo_tenant, v-noinit, overlay=spectralA;total_devices=4911;refine=True;hosts_per_tors=48;tors_per_l1s=10;l1s=10, 93.333, 329771.241, 32824.99999999999, 4800, 9053.256, 41.256457, 93.333, 308813.451, 30731.0, 4800, 8947.147, 94.356529, 
vary_topo_size_dc_topo_tenant, v-noinit, overlay=spectralA;total_devices=4911;refine=False;hosts_per_tors=48;tors_per_l1s=10;l1s=10, 93.333, 329771.241, 32824.99999999999, 4800, 9053.256, 39.964254, 93.333, 308962.536, 30746.0, 4800, 8941.708, 93.547247, 

# 49021 devices, UnivmonGreedyRows
80.000, 2306317.420, 230242.0, 48000, 23107.684, 4417.519847, 



vary_topo_size_dc_topo_tenant, v-noinit, overlay=spectralA;total_devices=983;refine=True;hosts_per_tors=48;tors_per_l1s=10;l1s=2, 93.333, 65445.172, 6512.999999999999, 960, 1875.912, 5.709149, 93.333, 61261.623, 6095.0, 960, 1854.747, 12.218251, 
vary_topo_size_dc_topo_tenant, v-noinit, overlay=none;total_devices=983;refine=True;hosts_per_tors=48;tors_per_l1s=10;l1s=2, 93.333, 65445.172, 6512.999999999999, 960, 1875.912, 5.495679, 93.333, 59634.883, 5932.0, 960, 1874.192, 21.003654, 
vary_topo_size_dc_topo_tenant, v-noinit, overlay=none;total_devices=1965;refine=False;hosts_per_tors=48;tors_per_l1s=10;l1s=4, 93.333, 131056.679, 13043.999999999998, 1920, 3670.251, 15.761264, 93.333, 131056.678, 13043.999999999998, 1920, 3670.244, 145.811911, 
vary_topo_size_dc_topo_tenant, v-noinit, overlay=none;total_devices=4911;refine=False;hosts_per_tors=48;tors_per_l1s=10;l1s=10, 93.333, 329771.241, 32824.99999999999, 4800, 9053.256, 40.852638, 93.333, 329771.238, 32824.99999999999, 4800, 9053.237, 190.122761, 
